state,clintonVotes,trumpVotes,totalVotes,swing,income,Gini Coefficient,with_diploma,unemployment2016
Alabama,729547,1318255,2123372,False,46257.0,0.4847,0.853,0.057999999999999996
Alaska,116454,163387,318608,False,76440.0,0.4081,0.924,0.069
Arizona,1161167,1252401,2554240,False,53558.0,0.4713,0.821,0.054000000000000006
Arkansas,380494,684782,1130635,False,44334.0,0.4719,0.856,0.04
California,8696374,4452094,13964413,False,67739.0,0.4899,0.825,0.055
Colorado,1338870,1202484,2780220,False,65685.0,0.4586,0.9109999999999999,0.033
Connecticut,897572,673215,1644920,False,73433.0,0.4945,0.902,0.051
Delaware,235603,185127,441590,False,61757.0,0.4522,0.893,0.045
District Of Columbia,282830,12723,312575,False,75506.0,0.542,0.903,0.061
Florida,4504975,4617886,9420039,True,50860.0,0.4852,0.8759999999999999,0.048
Georgia,1877963,2089104,4092373,False,53559.0,0.4813,0.863,0.054000000000000006
Hawaii,266891,128847,437664,False,74511.0,0.442,0.9159999999999999,0.03
Idaho,189765,409055,690255,False,51807.0,0.4503,0.902,0.038
Illinois,3090729,2146015,5536424,False,60960.0,0.481,0.8859999999999999,0.057999999999999996
Indiana,1039126,1557286,2740958,False,52314.0,0.4527,0.883,0.044000000000000004
Iowa,653669,800983,1566031,False,56247.0,0.4451,0.9179999999999999,0.036000000000000004
Kansas,427005,671018,1184402,False,54935.0,0.455,0.905,0.04
Kentucky,628854,1202971,1924149,False,46659.0,0.4813,0.852,0.051
Louisiana,780154,1178638,2029032,False,45146.0,0.499,0.843,0.061
Maine,352156,332418,736147,False,53079.0,0.4519,0.9209999999999999,0.038
Maryland,1677926,943169,2781485,False,78945.0,0.4499,0.898,0.045
Massachusetts,1995196,1090893,3274487,False,75297.0,0.4786,0.903,0.039
Michigan,2268839,2279543,4799284,True,52491.0,0.4695,0.902,0.05
Minnesota,1367716,1322951,2944813,True,65599.0,0.4496,0.9279999999999999,0.039
Mississippi,462127,678284,1158417,False,41754.0,0.4828,0.8340000000000001,0.057999999999999996
Missouri,1054889,1585753,2763504,False,51746.0,0.4646,0.892,0.046
Montana,177709,279240,494526,False,50027.0,0.4667,0.93,0.040999999999999995
Nebraska,283322,494881,825645,False,56927.0,0.4477,0.909,0.031
Nevada,539260,512058,1125385,False,55180.0,0.4577,0.858,0.057
New Hampshire,348526,345790,741885,True,70936.0,0.4304,0.9279999999999999,0.028999999999999998
New Jersey,1967444,1509688,3586406,False,76126.0,0.4813,0.892,0.05
New Mexico,385234,319666,798318,False,46748.0,0.4769,0.85,0.066
New York,4145376,2638135,7045894,False,62909.0,0.5229,0.861,0.049
North Carolina,2189350,2362697,4741665,False,50584.0,0.478,0.8690000000000001,0.051
North Dakota,93758,216794,344360,False,60656.0,0.4533,0.9229999999999999,0.031
Ohio,2394164,2841005,5468512,False,52344.0,0.468,0.898,0.05
Oklahoma,420375,949136,1452992,False,49176.0,0.4645,0.875,0.048
Oregon,991580,774080,1908782,False,57532.0,0.4583,0.902,0.048
Pennsylvania,2926025,2970146,6092779,True,56907.0,0.4689,0.899,0.054000000000000006
Rhode Island,227062,166454,414387,False,60596.0,0.4781,0.873,0.052000000000000005
South Carolina,855373,1155389,2103027,False,49501.0,0.4735,0.865,0.05
South Dakota,117442,227701,365988,False,54467.0,0.4495,0.914,0.03
Tennessee,868853,1519926,2475017,False,48547.0,0.479,0.865,0.047
Texas,3877868,4685047,8969226,False,56565.0,0.48,0.828,0.046
Utah,310674,515211,1118616,False,65977.0,0.4063,0.9179999999999999,0.034
Vermont,178573,95369,320467,False,57677.0,0.4539,0.9229999999999999,0.032
Virginia,1981473,1769443,3982752,False,68114.0,0.4705,0.89,0.040999999999999995
Washington,1742718,1221747,3183761,False,67106.0,0.4591,0.9079999999999999,0.053
West Virginia,188794,489371,713051,False,43385.0,0.4711,0.8590000000000001,0.061
Wisconsin,1381823,1404000,2975313,True,56811.0,0.4498,0.917,0.04
Wyoming,55973,174419,258788,False,59882.0,0.436,0.9279999999999999,0.053
